Timestamp,avg_temp,avg_humidity
2026-04-15 20:15:20,21.4,54.0
2026-04-15 20:16:00,21.4,52.0
2026-04-15 20:40:40,15.7,55.0
2026-04-15 20:41:20,12.4,75.0
2026-04-15 20:42:40,12.3,75.0
2026-04-15 20:43:20,12.5,75.0
2026-04-15 20:44:00,12.6,75.0
2026-04-15 20:44:40,12.6,75.0
2026-04-15 20:45:20,12.6,75.0
2026-04-15 20:46:00,12.6,75.0
2026-04-15 20:46:40,12.6,75.0
2026-04-15 20:47:20,12.2,75.0
2026-04-15 20:48:00,12.2,75.0
2026-04-15 20:48:40,12.2,75.0
2026-04-15 20:49:20,12.2,75.0
2026-04-15 20:50:00,12.0,75.0
2026-04-15 20:51:20,11.8,76.0
2026-04-15 20:52:00,11.8,76.0
2026-04-15 20:52:40,11.8,77.0
2026-04-15 20:53:20,11.8,77.0
2026-04-15 20:54:00,11.8,78.0
2026-04-15 20:54:40,11.8,77.0
2026-04-15 20:55:20,11.8,78.0
2026-04-15 20:56:00,11.8,78.0
2026-04-15 20:56:40,11.8,79.0
2026-04-15 20:57:20,11.8,78.0
2026-04-15 20:58:00,11.8,78.0
2026-04-15 20:58:40,11.8,78.0
2026-04-15 20:59:20,11.8,77.0
2026-04-15 21:00:00,11.8,77.0
2026-04-15 21:00:40,11.8,77.0
2026-04-15 21:01:20,11.8,77.0
2026-04-15 21:02:00,11.8,77.0
2026-04-15 21:02:40,11.8,76.0
2026-04-15 21:03:20,11.8,76.0
2026-04-15 21:04:00,11.8,75.0
2026-04-15 21:04:40,11.8,75.0
2026-04-15 21:05:20,11.8,75.0
2026-04-15 21:06:00,11.8,75.0
2026-04-15 21:06:40,11.8,75.0
2026-04-15 21:07:20,11.8,76.0
2026-04-15 21:08:00,11.8,76.0
2026-04-15 21:32:40,11.8,75.0
2026-04-15 21:34:00,11.3,79.0
2026-04-15 21:34:40,11.3,79.0
2026-04-15 21:35:20,11.3,79.0
2026-04-15 21:36:00,11.3,79.0
2026-04-15 21:36:40,11.3,79.0
2026-04-15 21:37:20,11.3,79.0
2026-04-15 21:38:00,11.2,79.0
2026-04-15 21:38:40,10.9,80.0
2026-04-15 21:39:20,10.9,80.0
2026-04-15 21:40:00,10.9,80.0
2026-04-15 21:40:40,10.9,80.0
2026-04-15 21:41:20,10.9,80.0
2026-04-15 21:42:00,10.9,80.0
2026-04-15 21:42:40,10.9,80.0
2026-04-15 21:43:20,10.9,80.0
2026-04-15 21:44:00,10.9,80.0
2026-04-15 21:44:40,10.9,80.0
2026-04-15 21:45:20,10.9,80.0
2026-04-15 21:46:00,10.9,80.0
2026-04-15 21:46:40,10.9,80.0
2026-04-15 21:47:20,10.9,80.0
2026-04-15 21:48:00,10.9,80.0
2026-04-15 21:48:40,10.9,80.0
2026-04-15 21:49:20,10.9,80.0
2026-04-15 21:50:00,10.9,80.0
2026-04-15 21:50:40,10.9,80.0
2026-04-15 21:51:20,10.9,80.0
2026-04-15 21:52:00,10.9,80.0
2026-04-15 21:52:40,10.9,80.0
2026-04-15 21:53:20,10.9,81.0
2026-04-15 21:54:00,10.9,80.0
2026-04-15 21:54:40,10.9,80.0
2026-04-15 21:55:20,10.9,80.0
2026-04-15 21:56:00,10.9,80.0
2026-04-15 21:56:40,10.9,81.0
2026-04-15 21:57:20,10.9,81.0
2026-04-15 21:58:00,10.9,81.0
2026-04-15 21:58:40,10.9,81.0
2026-04-15 21:59:20,10.9,81.0
2026-04-15 22:00:00,10.9,81.0
2026-04-15 22:00:40,10.9,81.0
2026-04-15 22:01:20,10.9,81.0
2026-04-15 22:02:00,10.9,81.0
2026-04-15 22:02:40,10.9,81.0
2026-04-15 22:03:20,10.9,82.0
2026-04-15 22:04:00,10.9,82.0
2026-04-15 22:04:40,10.9,82.0
2026-04-15 22:05:20,10.9,82.0
2026-04-15 22:06:00,10.9,82.0
2026-04-15 22:06:40,10.7,82.0
2026-04-15 22:07:20,10.6,82.0
2026-04-15 22:08:00,10.6,82.0
2026-04-15 22:08:40,10.6,82.0
2026-04-15 22:09:20,10.8,82.0
2026-04-15 22:10:00,10.9,82.0
2026-04-15 22:10:40,10.7,82.0
2026-04-15 22:11:20,10.5,82.0
2026-04-15 22:12:00,10.5,82.0
2026-04-15 22:12:40,10.5,83.0
2026-04-15 22:13:20,10.5,83.0
2026-04-15 22:14:00,10.5,83.0
2026-04-15 22:14:40,10.5,83.0
2026-04-15 22:15:20,10.5,83.0
2026-04-15 22:16:00,10.5,83.0
2026-04-15 22:16:40,10.5,84.0
2026-04-15 22:17:20,10.5,84.0
2026-04-15 22:18:00,10.5,84.0
2026-04-15 22:18:40,10.5,84.0
2026-04-15 22:19:20,10.5,84.0
2026-04-15 22:20:00,10.5,84.0
2026-04-15 22:20:40,10.5,84.0
2026-04-15 22:21:20,10.5,84.0
2026-04-15 22:22:00,10.5,84.0
2026-04-15 22:22:40,10.5,84.0
2026-04-15 22:23:20,10.5,84.0
2026-04-15 22:24:00,10.5,84.0
2026-04-15 22:24:40,10.5,84.0
2026-04-15 22:25:20,10.5,84.0
2026-04-15 22:26:00,10.5,84.0
2026-04-15 22:26:40,10.5,84.0
2026-04-15 22:27:20,10.5,84.0
2026-04-15 22:28:00,10.5,85.0
2026-04-15 22:28:40,10.5,85.0
2026-04-15 22:29:20,10.5,85.0
2026-04-15 22:30:00,10.5,85.0
2026-04-15 22:30:40,10.3,85.0
2026-04-15 22:31:20,10.1,85.0
2026-04-15 22:32:00,10.1,85.0
2026-04-15 22:32:40,10.1,85.0
2026-04-15 22:33:20,10.3,85.0
2026-04-15 22:34:00,10.5,86.0
2026-04-15 22:34:40,10.5,86.0
2026-04-15 22:35:20,10.5,85.0
2026-04-15 22:36:00,10.5,85.0
2026-04-15 22:36:40,10.5,85.0
2026-04-15 22:37:20,10.5,85.0
2026-04-15 22:38:00,10.5,85.0
2026-04-15 22:38:40,10.3,85.0
2026-04-15 22:39:20,10.1,85.0
2026-04-15 22:40:00,10.0,85.0
2026-04-15 22:40:40,10.0,85.0
2026-04-15 22:41:20,10.0,85.0
2026-04-15 22:42:00,10.0,85.0
2026-04-15 22:42:40,10.0,86.0
2026-04-15 22:43:20,10.1,86.0
2026-04-15 22:44:00,10.1,85.0
2026-04-15 22:45:20,10.0,85.0
2026-04-15 22:46:00,10.0,85.0
2026-04-15 22:46:40,10.0,86.0
2026-04-15 22:47:20,10.0,86.0
2026-04-15 22:48:00,10.0,85.0
2026-04-15 22:48:40,10.0,85.0
2026-04-15 22:49:20,10.0,85.0
2026-04-15 22:50:00,10.0,85.0
2026-04-15 22:50:40,10.0,86.0
2026-04-15 22:51:20,10.0,86.0
2026-04-15 22:52:00,10.0,86.0
2026-04-15 22:52:40,10.0,86.0
2026-04-15 22:53:20,10.0,86.0
2026-04-15 22:54:00,10.0,86.0
2026-04-15 22:54:40,10.0,86.0
2026-04-15 22:55:20,10.0,86.0
2026-04-15 22:56:00,10.0,87.0
2026-04-15 22:56:40,10.0,87.0
2026-04-15 22:57:20,9.9,87.0
2026-04-15 22:58:00,9.7,87.0
2026-04-15 22:58:40,9.9,87.0
2026-04-15 22:59:20,10.0,87.0
2026-04-15 23:00:00,10.0,87.0
2026-04-15 23:00:40,10.0,87.0
2026-04-15 23:01:20,10.0,87.0
2026-04-15 23:02:00,10.0,87.0
2026-04-15 23:02:40,9.9,87.0
2026-04-15 23:03:20,10.0,87.0
2026-04-15 23:04:00,10.0,88.0
2026-04-15 23:05:20,10.0,87.0
2026-04-15 23:06:00,10.0,87.0
2026-04-15 23:06:40,10.0,87.0
2026-04-15 23:07:20,10.0,87.0
2026-04-15 23:08:00,10.0,88.0
2026-04-15 23:08:40,10.0,88.0
2026-04-15 23:09:20,9.9,87.0
2026-04-15 23:10:00,9.8,87.0
2026-04-15 23:10:40,9.7,88.0
2026-04-15 23:11:20,9.6,88.0
2026-04-15 23:12:00,9.7,88.0
2026-04-15 23:12:40,9.7,88.0
2026-04-15 23:13:20,9.6,88.0
2026-04-15 23:14:00,9.6,88.0
2026-04-15 23:14:40,9.8,88.0
2026-04-15 23:15:20,10.0,88.0
2026-04-15 23:16:00,10.0,88.0
2026-04-15 23:16:40,10.0,88.0
2026-04-15 23:17:20,10.0,88.0
2026-04-15 23:18:00,9.8,88.0
2026-04-15 23:18:40,9.6,88.0
2026-04-15 23:19:20,9.6,88.0
2026-04-15 23:20:00,9.6,88.0
2026-04-15 23:20:40,9.7,88.0
2026-04-15 23:21:20,9.8,88.0
2026-04-15 23:22:00,9.8,88.0
2026-04-15 23:22:40,9.8,88.0
2026-04-15 23:23:20,9.7,88.0
2026-04-15 23:24:00,9.7,88.0
2026-04-15 23:24:40,9.7,88.0
2026-04-15 23:25:20,9.6,88.0
2026-04-15 23:26:00,9.6,88.0
2026-04-15 23:26:40,9.6,88.0
2026-04-15 23:27:20,9.6,88.0
2026-04-15 23:28:00,9.6,88.0
2026-04-15 23:28:40,9.6,88.0
2026-04-15 23:29:20,9.6,88.0
2026-04-15 23:30:00,9.6,88.0
2026-04-15 23:30:40,9.6,88.0
2026-04-15 23:31:20,9.6,88.0
2026-04-15 23:32:00,9.7,88.0
2026-04-15 23:32:40,9.6,88.0
2026-04-15 23:33:20,9.6,88.0
2026-04-15 23:34:00,9.6,88.0
2026-04-15 23:34:40,9.6,88.0
2026-04-15 23:35:20,9.6,88.0
2026-04-15 23:36:00,9.6,88.0
2026-04-15 23:36:40,9.6,88.0
2026-04-15 23:37:20,9.6,88.0
2026-04-15 23:38:00,9.6,88.0
2026-04-15 23:38:40,9.6,88.0
2026-04-15 23:39:20,9.6,88.0
2026-04-15 23:40:00,9.6,88.0
2026-04-15 23:40:40,9.6,88.0
2026-04-15 23:41:20,9.6,88.0
2026-04-15 23:42:00,9.6,88.0
2026-04-15 23:42:40,9.6,88.0
2026-04-15 23:43:20,9.6,88.0
2026-04-15 23:44:00,9.6,88.0
2026-04-15 23:44:40,9.6,88.0
2026-04-15 23:45:20,9.6,88.0
2026-04-15 23:46:00,9.6,88.0
2026-04-15 23:46:40,9.6,88.0
2026-04-15 23:47:20,9.6,88.0
2026-04-15 23:48:00,9.6,88.0
2026-04-15 23:48:40,9.6,88.0
2026-04-15 23:49:20,9.6,88.0
2026-04-15 23:50:00,9.6,88.0
2026-04-15 23:50:40,9.4,88.0
2026-04-15 23:51:20,9.3,88.0
2026-04-15 23:52:00,9.3,88.0
2026-04-15 23:52:40,9.6,88.0
2026-04-15 23:53:20,9.4,88.0
2026-04-15 23:54:00,9.3,88.0
2026-04-15 23:54:40,9.3,88.0
2026-04-15 23:55:20,9.3,88.0
2026-04-15 23:56:00,9.3,88.0
2026-04-15 23:56:40,9.4,88.0
2026-04-15 23:57:20,9.4,88.0
2026-04-15 23:58:00,9.3,88.0
2026-04-15 23:58:40,9.3,88.0
2026-04-15 23:59:20,9.3,88.0
2026-04-16 00:00:00,9.3,88.0
2026-04-16 00:00:40,9.3,88.0
2026-04-16 00:01:20,9.3,88.0
2026-04-16 00:02:00,9.3,88.0
2026-04-16 00:02:40,9.3,88.0
2026-04-16 00:03:20,9.3,88.0
2026-04-16 00:04:00,9.3,88.0
2026-04-16 00:04:40,9.3,88.0
2026-04-16 00:05:20,9.3,89.0
2026-04-16 00:06:00,9.3,89.0
2026-04-16 00:06:40,9.3,89.0
2026-04-16 00:07:20,9.3,89.0
2026-04-16 00:08:00,9.3,89.0
2026-04-16 00:08:40,9.3,89.0
2026-04-16 00:09:20,9.3,89.0
2026-04-16 00:10:00,9.3,89.0
2026-04-16 00:10:40,9.3,89.0
2026-04-16 00:11:20,9.3,89.0
2026-04-16 00:12:00,9.3,89.0
2026-04-16 00:12:40,9.3,89.0
2026-04-16 00:13:20,9.3,89.0
2026-04-16 00:14:00,9.3,89.0
2026-04-16 00:14:40,9.3,89.0
2026-04-16 00:15:20,9.2,89.0
2026-04-16 00:16:00,9.2,89.0
2026-04-16 00:16:40,9.3,89.0
2026-04-16 00:17:20,9.3,89.0
2026-04-16 00:18:00,9.3,89.0
2026-04-16 00:18:40,9.0,89.0
2026-04-16 00:19:20,9.0,89.0
2026-04-16 00:20:00,9.0,89.0
2026-04-16 00:20:40,9.0,89.0
2026-04-16 00:21:20,8.9,89.0
2026-04-16 00:22:00,9.2,89.0
2026-04-16 00:22:40,9.3,89.0
2026-04-16 00:23:20,9.2,89.0
2026-04-16 00:24:00,9.1,89.0
2026-04-16 00:24:40,9.0,89.0
2026-04-16 00:25:20,8.9,89.0
2026-04-16 00:26:00,8.9,89.0
2026-04-16 00:26:40,8.9,89.0
2026-04-16 00:27:20,8.9,89.0
2026-04-16 00:28:00,8.9,89.0
2026-04-16 00:28:40,8.9,89.0
2026-04-16 00:29:20,8.9,89.0
2026-04-16 00:30:00,8.9,89.0
2026-04-16 00:30:40,8.9,89.0
2026-04-16 00:31:20,8.9,89.0
2026-04-16 00:32:00,8.9,89.0
2026-04-16 00:32:40,8.9,89.0
2026-04-16 00:33:20,8.9,89.0
2026-04-16 00:34:00,8.9,89.0
2026-04-16 00:34:40,8.9,89.0
2026-04-16 00:35:20,8.9,89.0
2026-04-16 00:36:00,8.9,89.0
2026-04-16 00:36:40,8.9,90.0
2026-04-16 00:37:20,8.9,90.0
2026-04-16 00:38:00,8.9,90.0
2026-04-16 00:38:40,8.9,90.0
2026-04-16 00:39:20,8.9,90.0
2026-04-16 00:40:00,8.9,90.0
2026-04-16 00:40:40,8.9,90.0
2026-04-16 00:41:20,8.9,90.0
2026-04-16 00:42:00,8.9,90.0
2026-04-16 00:42:40,8.9,90.0
2026-04-16 00:43:20,8.9,90.0
2026-04-16 00:44:00,8.9,90.0
2026-04-16 00:44:40,8.9,90.0
2026-04-16 00:45:20,8.9,90.0
2026-04-16 00:46:00,8.9,90.0
2026-04-16 00:46:40,8.9,90.0
2026-04-16 00:47:20,8.6,90.0
2026-04-16 00:48:00,8.5,90.0
2026-04-16 00:48:40,8.5,90.0
2026-04-16 00:49:20,8.5,91.0
2026-04-16 00:50:00,8.5,91.0
2026-04-16 00:50:40,8.5,91.0
2026-04-16 00:51:20,8.6,91.0
2026-04-16 00:52:00,8.8,91.0
2026-04-16 00:52:40,8.8,91.0
2026-04-16 00:53:20,8.6,91.0
2026-04-16 00:54:00,8.8,91.0
2026-04-16 00:54:40,8.6,91.0
2026-04-16 00:55:20,8.5,91.0
2026-04-16 00:56:00,8.5,91.0
2026-04-16 00:56:40,8.5,91.0
2026-04-16 00:57:20,8.5,91.0
2026-04-16 00:58:00,8.5,91.0
2026-04-16 00:58:40,8.7,91.0
2026-04-16 00:59:20,8.9,91.0
2026-04-16 01:00:00,8.9,91.0
2026-04-16 01:00:40,8.9,91.0
2026-04-16 01:01:20,8.9,91.0
2026-04-16 01:02:00,8.7,91.0
2026-04-16 01:02:40,8.6,91.0
2026-04-16 01:03:20,8.6,91.0
2026-04-16 01:04:00,8.6,91.0
2026-04-16 01:04:40,8.5,91.0
2026-04-16 01:05:20,8.5,91.0
2026-04-16 01:06:00,8.5,91.0
2026-04-16 01:06:40,8.6,91.0
2026-04-16 01:07:20,8.6,91.0
2026-04-16 01:08:00,8.5,91.0
2026-04-16 01:08:40,8.6,91.0
2026-04-16 01:09:20,8.9,91.0
2026-04-16 01:10:00,8.9,91.0
2026-04-16 01:10:40,8.9,92.0
2026-04-16 01:11:20,8.9,92.0
2026-04-16 01:12:00,8.9,92.0
2026-04-16 01:12:40,8.9,92.0
2026-04-16 01:13:20,8.9,92.0
2026-04-16 01:14:00,8.9,92.0
2026-04-16 01:14:40,8.9,92.0
2026-04-16 01:15:20,8.9,92.0
2026-04-16 01:16:00,8.9,92.0
2026-04-16 01:16:40,8.9,92.0
2026-04-16 01:17:20,8.9,91.0
2026-04-16 01:18:00,8.9,92.0
2026-04-16 01:18:40,8.9,92.0
2026-04-16 01:19:20,8.9,92.0
2026-04-16 01:20:00,8.9,92.0
2026-04-16 01:20:40,8.9,92.0
2026-04-16 01:21:20,8.9,92.0
2026-04-16 01:22:00,8.9,92.0
2026-04-16 01:22:40,8.9,92.0
2026-04-16 01:23:20,8.9,92.0
2026-04-16 01:24:00,8.9,92.0
2026-04-16 01:24:40,8.9,92.0
2026-04-16 01:25:20,8.9,92.0
2026-04-16 01:26:00,8.9,92.0
2026-04-16 01:26:40,8.9,92.0
2026-04-16 01:27:20,9.0,92.0
2026-04-16 01:28:00,9.0,92.0
2026-04-16 01:28:40,9.1,92.0
2026-04-16 01:29:20,9.3,92.0
2026-04-16 01:30:00,9.3,92.0
2026-04-16 01:30:40,9.3,92.0
2026-04-16 01:31:20,9.3,92.0
2026-04-16 01:32:00,9.3,92.0
2026-04-16 01:32:40,9.3,92.0
2026-04-16 01:33:20,9.2,91.0
2026-04-16 01:34:00,9.2,92.0
2026-04-16 01:34:40,9.2,92.0
2026-04-16 01:35:20,9.1,92.0
2026-04-16 01:36:00,9.0,92.0
2026-04-16 01:36:40,8.9,91.0
2026-04-16 01:37:20,8.9,92.0
2026-04-16 01:38:00,8.9,92.0
2026-04-16 01:38:40,8.9,92.0
2026-04-16 01:39:20,8.9,92.0
2026-04-16 01:40:00,8.9,92.0
2026-04-16 01:40:40,8.9,91.0
2026-04-16 01:41:20,8.9,92.0
2026-04-16 01:42:00,8.9,92.0
2026-04-16 01:42:40,8.9,92.0
2026-04-16 01:43:20,8.9,92.0
2026-04-16 01:44:00,8.9,92.0
2026-04-16 01:44:40,8.9,92.0
2026-04-16 01:45:20,8.9,92.0
2026-04-16 01:46:00,8.9,92.0
2026-04-16 01:46:40,8.9,92.0
2026-04-16 01:47:20,8.9,92.0
2026-04-16 01:48:00,8.9,92.0
2026-04-16 01:48:40,8.9,92.0
2026-04-16 01:49:20,8.9,92.0
2026-04-16 01:50:00,8.9,92.0
2026-04-16 01:50:40,8.9,92.0
2026-04-16 01:51:20,8.9,92.0
2026-04-16 01:52:00,8.9,92.0
2026-04-16 01:52:40,8.9,92.0
2026-04-16 01:53:20,8.9,92.0
2026-04-16 01:54:00,8.9,92.0
2026-04-16 01:54:40,8.9,92.0
2026-04-16 01:55:20,8.9,92.0
2026-04-16 01:56:00,8.9,92.0
2026-04-16 01:56:40,8.9,92.0
2026-04-16 01:57:20,8.9,92.0
2026-04-16 01:58:00,8.9,92.0
2026-04-16 01:58:40,8.9,92.0
2026-04-16 01:59:20,8.9,92.0
2026-04-16 02:00:00,8.9,92.0
2026-04-16 02:00:40,8.9,92.0
2026-04-16 02:01:20,8.9,92.0
2026-04-16 02:02:00,8.9,92.0
2026-04-16 02:02:40,8.9,92.0
2026-04-16 02:03:20,8.9,92.0
2026-04-16 02:04:00,8.9,92.0
2026-04-16 02:04:40,8.9,92.0
2026-04-16 02:05:20,8.9,92.0
2026-04-16 02:06:00,8.9,92.0
2026-04-16 02:06:40,8.9,92.0
2026-04-16 02:07:20,8.9,92.0
2026-04-16 02:08:00,9.0,92.0
2026-04-16 02:08:40,8.9,92.0
2026-04-16 02:09:20,8.9,92.0
2026-04-16 02:10:00,8.9,92.0
2026-04-16 02:10:40,8.9,92.0
2026-04-16 02:11:20,8.9,92.0
2026-04-16 02:12:00,8.9,92.0
2026-04-16 02:12:40,8.9,92.0
2026-04-16 02:13:20,8.9,92.0
2026-04-16 02:14:00,8.9,92.0
2026-04-16 02:14:40,8.9,92.0
2026-04-16 02:15:20,8.9,92.0
2026-04-16 02:16:00,8.9,92.0
2026-04-16 02:16:40,8.9,92.0
2026-04-16 02:17:20,8.9,92.0
2026-04-16 02:18:00,9.0,92.0
2026-04-16 02:18:40,9.0,92.0
2026-04-16 02:19:20,9.2,92.0
2026-04-16 02:20:00,9.3,92.0
2026-04-16 02:20:40,9.3,92.0
2026-04-16 02:21:20,9.3,92.0
2026-04-16 02:22:00,9.3,92.0
2026-04-16 02:22:40,9.3,92.0
2026-04-16 02:23:20,9.3,92.0
2026-04-16 02:24:00,9.3,92.0
2026-04-16 02:24:40,9.3,92.0
2026-04-16 02:25:20,9.2,92.0
2026-04-16 02:26:00,9.3,92.0
2026-04-16 02:26:40,9.3,92.0
2026-04-16 02:27:20,9.3,92.0
2026-04-16 02:28:00,9.3,92.0
2026-04-16 02:28:40,9.3,92.0
2026-04-16 02:29:20,9.3,92.0
2026-04-16 02:30:00,9.3,92.0
2026-04-16 02:30:40,9.3,92.0
2026-04-16 02:31:20,9.3,92.0
2026-04-16 02:32:00,9.3,92.0
2026-04-16 02:32:40,9.3,92.0
2026-04-16 02:33:20,9.3,92.0
2026-04-16 02:34:00,9.3,92.0
2026-04-16 02:34:40,9.3,92.0
2026-04-16 02:35:20,9.3,92.0
2026-04-16 02:36:00,9.3,92.0
2026-04-16 02:36:40,9.3,92.0
2026-04-16 02:37:20,9.3,92.0
2026-04-16 02:38:00,9.3,92.0
2026-04-16 02:38:40,9.3,92.0
2026-04-16 02:39:20,9.3,92.0
2026-04-16 02:40:00,9.3,92.0
2026-04-16 02:40:40,9.3,92.0
2026-04-16 02:41:20,9.3,92.0
2026-04-16 02:42:00,9.3,92.0
2026-04-16 02:42:40,9.3,92.0
2026-04-16 02:43:20,9.3,92.0
2026-04-16 02:44:00,9.3,92.0
2026-04-16 02:44:40,9.3,92.0
2026-04-16 02:45:20,9.3,92.0
2026-04-16 02:46:00,9.3,92.0
2026-04-16 02:46:40,9.3,92.0
2026-04-16 02:47:20,9.3,92.0
2026-04-16 02:48:00,9.3,92.0
2026-04-16 02:48:40,9.3,92.0
2026-04-16 02:49:20,9.3,92.0
2026-04-16 02:50:00,9.3,92.0
2026-04-16 02:50:40,9.3,92.0
2026-04-16 02:51:20,9.3,92.0
2026-04-16 02:52:00,9.3,92.0
2026-04-16 02:52:40,9.3,92.0
2026-04-16 02:53:20,9.3,92.0
2026-04-16 02:54:00,9.3,92.0
2026-04-16 02:54:40,9.3,92.0
2026-04-16 02:55:20,9.3,92.0
2026-04-16 02:56:00,9.3,92.0
2026-04-16 02:56:40,9.3,92.0
2026-04-16 02:57:20,9.3,92.0
2026-04-16 02:58:00,9.3,92.0
2026-04-16 02:58:40,9.3,92.0
2026-04-16 02:59:20,9.3,91.0
2026-04-16 03:00:00,9.3,92.0
2026-04-16 03:00:40,9.3,92.0
2026-04-16 03:01:20,9.3,92.0
2026-04-16 03:02:00,9.3,91.0
2026-04-16 03:02:40,9.3,92.0
2026-04-16 03:03:20,9.3,91.0
2026-04-16 03:04:00,9.3,91.0
2026-04-16 03:04:40,9.3,91.0
2026-04-16 03:05:20,9.3,91.0
2026-04-16 03:06:00,9.3,91.0
2026-04-16 03:06:40,9.3,91.0
2026-04-16 03:07:20,9.5,91.0
2026-04-16 03:08:00,9.4,91.0
2026-04-16 03:08:40,9.3,91.0
2026-04-16 03:09:20,9.3,91.0
2026-04-16 03:10:00,9.4,91.0
2026-04-16 03:10:40,9.5,91.0
2026-04-16 03:11:20,9.6,91.0
2026-04-16 03:12:00,9.5,91.0
2026-04-16 03:12:40,9.4,91.0
2026-04-16 03:13:20,9.4,91.0
2026-04-16 03:14:00,9.4,91.0
2026-04-16 03:14:40,9.3,91.0
2026-04-16 03:15:20,9.5,91.0
2026-04-16 03:16:00,9.3,91.0
2026-04-16 03:16:40,9.3,91.0
2026-04-16 03:17:20,9.3,91.0
2026-04-16 03:18:00,9.3,91.0
2026-04-16 03:18:40,9.3,91.0
2026-04-16 03:19:20,9.3,91.0
2026-04-16 03:20:00,9.3,91.0
2026-04-16 03:20:40,9.3,91.0
2026-04-16 03:21:20,9.3,91.0
2026-04-16 03:22:00,9.5,91.0
2026-04-16 03:22:40,9.5,91.0
2026-04-16 03:23:20,9.5,91.0
2026-04-16 03:24:00,9.4,91.0
2026-04-16 03:24:40,9.3,91.0
2026-04-16 03:25:20,9.3,91.0
2026-04-16 03:26:00,9.3,91.0
2026-04-16 03:26:40,9.3,91.0
2026-04-16 03:27:20,9.3,91.0
2026-04-16 03:28:00,9.3,91.0
2026-04-16 03:28:40,9.3,91.0
2026-04-16 03:29:20,9.3,91.0
2026-04-16 03:30:00,9.3,91.0
2026-04-16 03:30:40,9.3,91.0
2026-04-16 03:31:20,9.3,91.0
2026-04-16 03:32:00,9.5,91.0
2026-04-16 03:32:40,9.6,91.0
2026-04-16 03:33:20,9.6,91.0
2026-04-16 03:34:00,9.6,91.0
2026-04-16 03:34:40,9.6,91.0
2026-04-16 03:35:20,9.6,91.0
2026-04-16 03:36:00,9.6,91.0
2026-04-16 03:36:40,9.6,91.0
2026-04-16 03:37:20,9.6,91.0
2026-04-16 03:38:00,9.6,91.0
2026-04-16 03:38:40,9.6,91.0
2026-04-16 03:39:20,9.6,91.0
2026-04-16 03:40:00,9.6,91.0
2026-04-16 03:40:40,9.6,91.0
2026-04-16 03:41:20,9.6,91.0
2026-04-16 03:42:00,9.6,91.0
2026-04-16 03:42:40,9.6,91.0
2026-04-16 03:43:20,9.6,91.0
2026-04-16 03:44:00,9.6,91.0
2026-04-16 03:44:40,9.6,91.0
2026-04-16 03:45:20,9.6,91.0
2026-04-16 03:46:00,9.6,91.0
2026-04-16 03:46:40,9.6,91.0
2026-04-16 03:47:20,9.6,91.0
2026-04-16 03:48:00,9.6,91.0
2026-04-16 03:48:40,9.6,91.0
2026-04-16 03:49:20,9.6,91.0
2026-04-16 03:50:00,9.6,91.0
2026-04-16 03:50:40,9.6,91.0
2026-04-16 03:51:20,9.6,91.0
2026-04-16 03:52:00,9.6,91.0
2026-04-16 03:52:40,9.6,90.0
2026-04-16 03:53:20,9.6,90.0
2026-04-16 03:54:00,9.6,90.0
2026-04-16 03:54:40,9.6,90.0
2026-04-16 03:55:20,9.6,90.0
2026-04-16 03:56:00,9.6,90.0
2026-04-16 03:56:40,9.6,90.0
2026-04-16 03:57:20,9.6,90.0
2026-04-16 03:58:00,9.6,90.0
2026-04-16 03:58:40,9.6,90.0
2026-04-16 03:59:20,9.6,90.0
2026-04-16 04:00:00,9.6,90.0
2026-04-16 04:00:40,9.6,90.0
2026-04-16 04:01:20,9.6,90.0
2026-04-16 04:02:00,9.6,89.0
2026-04-16 04:02:40,9.6,89.0
2026-04-16 04:03:20,9.6,89.0
2026-04-16 04:04:00,9.6,89.0
2026-04-16 04:04:40,9.6,89.0
2026-04-16 04:05:20,9.6,89.0
2026-04-16 04:06:00,9.6,89.0
2026-04-16 04:06:40,9.6,89.0
2026-04-16 04:07:20,9.6,89.0
2026-04-16 04:08:00,9.6,89.0
2026-04-16 04:08:40,9.6,89.0
2026-04-16 04:09:20,9.6,89.0
2026-04-16 04:10:00,9.6,89.0
2026-04-16 04:10:40,9.6,89.0
2026-04-16 04:11:20,9.6,89.0
2026-04-16 04:12:00,9.6,89.0
2026-04-16 04:12:40,9.6,89.0
2026-04-16 04:13:20,9.6,89.0
2026-04-16 04:14:00,9.6,89.0
2026-04-16 04:14:40,9.6,89.0
2026-04-16 04:15:20,9.6,89.0
2026-04-16 04:16:00,9.6,89.0
2026-04-16 04:16:40,9.6,89.0
2026-04-16 04:17:20,9.6,89.0
2026-04-16 04:18:00,9.6,89.0
2026-04-16 04:18:40,9.6,89.0
2026-04-16 04:19:20,9.6,89.0
2026-04-16 04:20:00,9.7,89.0
2026-04-16 04:20:40,9.8,89.0
2026-04-16 04:21:20,9.8,89.0
2026-04-16 04:22:00,9.7,89.0
2026-04-16 04:22:40,9.6,89.0
2026-04-16 04:23:20,9.7,89.0
2026-04-16 04:24:00,9.7,89.0
2026-04-16 04:24:40,9.8,89.0
2026-04-16 04:25:20,9.8,88.0
2026-04-16 04:26:00,10.0,89.0
2026-04-16 04:26:40,9.9,88.0
2026-04-16 04:27:20,10.0,88.0
2026-04-16 04:28:00,9.9,88.0
2026-04-16 04:28:40,9.8,88.0
2026-04-16 04:29:20,10.0,88.0
2026-04-16 04:30:00,10.0,88.0
2026-04-16 04:30:40,10.0,88.0
2026-04-16 04:31:20,10.0,88.0
2026-04-16 04:32:00,10.0,88.0
2026-04-16 04:32:40,10.0,88.0
2026-04-16 04:33:20,10.0,88.0
2026-04-16 04:34:00,10.0,88.0
2026-04-16 04:34:40,10.0,88.0
2026-04-16 04:35:20,10.0,88.0
2026-04-16 04:36:00,10.0,88.0
2026-04-16 04:36:40,10.0,88.0
2026-04-16 04:37:20,10.0,88.0
2026-04-16 04:38:00,10.0,88.0
2026-04-16 04:38:40,10.0,88.0
2026-04-16 04:39:20,10.0,88.0
2026-04-16 04:40:00,10.0,88.0
2026-04-16 04:40:40,10.0,88.0
2026-04-16 04:41:20,10.0,88.0
2026-04-16 04:42:00,10.0,88.0
2026-04-16 04:42:40,10.0,88.0
2026-04-16 04:43:20,10.0,88.0
2026-04-16 04:44:00,10.0,88.0
2026-04-16 04:44:40,10.0,88.0
2026-04-16 04:45:20,10.0,88.0
2026-04-16 04:46:00,10.0,88.0
2026-04-16 04:46:40,10.0,88.0
2026-04-16 04:47:20,10.0,88.0
2026-04-16 04:48:00,10.0,88.0
2026-04-16 04:48:40,10.0,88.0
2026-04-16 04:49:20,10.0,88.0
2026-04-16 04:50:00,10.0,88.0
2026-04-16 04:50:40,10.0,88.0
2026-04-16 04:51:20,10.0,88.0
2026-04-16 04:52:00,10.0,88.0
2026-04-16 04:52:40,10.0,88.0
2026-04-16 04:53:20,10.0,88.0
2026-04-16 04:54:00,10.0,88.0
2026-04-16 04:54:40,10.0,88.0
2026-04-16 04:55:20,10.0,88.0
2026-04-16 04:56:00,10.0,88.0
2026-04-16 04:56:40,10.0,88.0
2026-04-16 04:57:20,10.0,88.0
2026-04-16 04:58:00,10.0,88.0
2026-04-16 04:58:40,10.0,88.0
2026-04-16 04:59:20,10.0,88.0
2026-04-16 05:00:00,10.0,88.0
2026-04-16 05:00:40,10.0,88.0
2026-04-16 05:01:20,10.0,88.0
2026-04-16 05:02:00,10.0,88.0
2026-04-16 05:02:40,10.0,88.0
2026-04-16 05:03:20,10.0,88.0
2026-04-16 05:04:00,10.0,88.0
2026-04-16 05:04:40,10.0,88.0
2026-04-16 05:05:20,10.0,88.0
2026-04-16 05:06:00,10.0,88.0
2026-04-16 05:06:40,10.0,88.0
2026-04-16 05:07:20,10.0,88.0
2026-04-16 05:08:00,10.0,88.0
2026-04-16 05:08:40,10.0,88.0
2026-04-16 05:09:20,10.0,88.0
2026-04-16 05:10:00,10.0,88.0
2026-04-16 05:10:40,10.0,88.0
2026-04-16 05:12:00,10.0,88.0
2026-04-16 05:12:40,10.0,88.0
2026-04-16 05:13:20,10.1,88.0
2026-04-16 05:14:00,10.1,88.0
2026-04-16 05:14:40,10.1,88.0
2026-04-16 05:15:20,10.1,88.0
2026-04-16 05:16:00,10.1,88.0
2026-04-16 05:16:40,10.1,88.0
2026-04-16 05:17:20,10.1,88.0
2026-04-16 05:18:00,10.1,88.0
2026-04-16 05:18:40,10.1,88.0
2026-04-16 05:19:20,10.1,88.0
2026-04-16 05:20:00,10.1,88.0
2026-04-16 05:20:40,10.1,88.0
2026-04-16 05:21:20,10.1,88.0
2026-04-16 05:22:00,10.2,88.0
2026-04-16 05:22:40,10.3,88.0
2026-04-16 05:23:20,10.2,88.0
2026-04-16 05:24:00,10.2,88.0
2026-04-16 05:24:40,10.2,88.0
2026-04-16 05:25:20,10.2,88.0
2026-04-16 05:26:00,10.3,88.0
2026-04-16 05:26:40,10.2,88.0
2026-04-16 05:27:20,10.1,88.0
2026-04-16 05:28:00,10.0,88.0
2026-04-16 05:28:40,10.0,88.0
2026-04-16 05:29:20,10.0,88.0
2026-04-16 05:30:00,10.1,88.0
2026-04-16 05:30:40,10.1,88.0
2026-04-16 05:31:20,10.1,88.0
2026-04-16 05:32:00,10.0,88.0
2026-04-16 05:32:40,10.0,88.0
2026-04-16 05:33:20,10.0,88.0
2026-04-16 05:34:00,10.0,88.0
2026-04-16 05:34:40,10.0,88.0
2026-04-16 05:35:20,10.0,88.0
2026-04-16 05:36:00,10.0,88.0
2026-04-16 05:36:40,10.0,88.0
2026-04-16 05:37:20,10.0,88.0
2026-04-16 05:38:00,10.0,88.0
2026-04-16 05:38:40,10.0,88.0
2026-04-16 05:39:20,10.0,88.0
2026-04-16 05:40:00,10.0,88.0
2026-04-16 05:40:40,10.0,88.0
2026-04-16 05:41:20,10.0,88.0
2026-04-16 05:42:00,10.0,88.0
2026-04-16 05:42:40,10.0,88.0
2026-04-16 05:43:20,10.0,88.0
2026-04-16 05:44:00,10.0,88.0
2026-04-16 05:44:40,10.0,88.0
2026-04-16 05:45:20,10.0,88.0
2026-04-16 05:46:00,10.0,88.0
2026-04-16 05:46:40,10.0,88.0
2026-04-16 05:47:20,10.0,88.0
2026-04-16 05:48:00,10.0,88.0
2026-04-16 05:48:40,10.0,88.0
2026-04-16 05:49:20,10.0,88.0
2026-04-16 05:50:00,10.1,88.0
2026-04-16 05:50:40,10.1,88.0
2026-04-16 05:51:20,10.2,88.0
2026-04-16 05:52:00,10.1,88.0
2026-04-16 05:52:40,10.1,88.0
2026-04-16 05:53:20,10.2,88.0
2026-04-16 05:54:00,10.2,88.0
2026-04-16 05:54:40,10.3,88.0
2026-04-16 05:55:20,10.4,88.0
2026-04-16 05:56:00,10.5,88.0
2026-04-16 05:56:40,10.5,88.0
2026-04-16 05:57:20,10.4,88.0
2026-04-16 05:58:00,10.4,88.0
2026-04-16 05:58:40,10.3,88.0
2026-04-16 05:59:20,10.4,88.0
2026-04-16 06:00:00,10.4,88.0
2026-04-16 06:00:40,10.4,88.0
2026-04-16 06:01:20,10.4,88.0
2026-04-16 06:02:00,10.3,88.0
2026-04-16 06:02:40,10.5,88.0
2026-04-16 06:03:20,10.5,88.0
2026-04-16 06:04:00,10.5,88.0
2026-04-16 06:04:40,10.5,88.0
2026-04-16 06:05:20,10.5,88.0
2026-04-16 06:06:00,10.5,88.0
2026-04-16 06:06:40,10.5,88.0
2026-04-16 06:07:20,10.5,88.0
2026-04-16 06:08:00,10.5,88.0
2026-04-16 06:08:40,10.5,88.0
2026-04-16 06:09:20,10.5,88.0
2026-04-16 06:10:00,10.5,88.0
2026-04-16 06:10:40,10.5,88.0
2026-04-16 06:11:20,10.5,88.0
2026-04-16 06:12:00,10.5,88.0
2026-04-16 06:12:40,10.5,88.0
2026-04-16 06:13:20,10.5,88.0
2026-04-16 06:14:00,10.5,88.0
2026-04-16 06:14:40,10.5,88.0
2026-04-16 06:16:00,10.5,88.0
2026-04-16 06:16:40,10.5,88.0
2026-04-16 06:17:20,10.5,88.0
2026-04-16 06:18:00,10.5,88.0
2026-04-16 06:18:40,10.5,88.0
2026-04-16 06:19:20,10.5,88.0
2026-04-16 06:20:00,10.5,88.0
2026-04-16 06:20:40,10.6,88.0
2026-04-16 06:21:20,10.7,88.0
2026-04-16 06:22:00,10.7,88.0
2026-04-16 06:22:40,10.7,88.0
2026-04-16 06:23:20,10.8,88.0
2026-04-16 06:24:00,10.9,87.0
2026-04-16 06:24:40,10.9,87.0
2026-04-16 06:25:20,10.9,87.0
2026-04-16 06:26:00,10.9,87.0
2026-04-16 06:26:40,10.9,87.0
2026-04-16 06:27:20,10.9,87.0
2026-04-16 06:28:00,10.9,87.0
2026-04-16 06:28:40,10.9,87.0
2026-04-16 06:29:20,10.9,87.0
2026-04-16 06:30:00,10.9,87.0
2026-04-16 06:30:40,10.9,87.0
2026-04-16 06:31:20,10.9,87.0
2026-04-16 06:32:00,10.9,86.0
2026-04-16 06:32:40,10.9,86.0
2026-04-16 06:33:20,10.9,86.0
2026-04-16 06:34:00,10.9,86.0
2026-04-16 06:34:40,10.9,86.0
2026-04-16 06:35:20,10.9,86.0
2026-04-16 06:36:00,10.9,86.0
2026-04-16 06:36:40,10.9,86.0
2026-04-16 06:37:20,10.9,86.0
2026-04-16 06:38:00,10.9,86.0
2026-04-16 06:38:40,10.9,86.0
2026-04-16 06:39:20,10.9,86.0
2026-04-16 06:40:00,10.9,86.0
2026-04-16 06:40:40,10.9,86.0
2026-04-16 06:41:20,10.9,86.0
2026-04-16 06:42:00,11.0,85.0
2026-04-16 06:42:40,11.2,84.0
2026-04-16 06:43:20,11.3,84.0
2026-04-16 06:44:00,11.3,84.0
2026-04-16 06:44:40,11.3,84.0
2026-04-16 06:45:20,11.3,84.0
2026-04-16 06:46:00,11.3,84.0
2026-04-16 06:46:40,11.3,84.0
2026-04-16 06:47:20,11.3,84.0
2026-04-16 06:48:00,11.3,84.0
2026-04-16 06:48:40,11.3,84.0
2026-04-16 06:49:20,11.3,83.0
2026-04-16 06:50:00,11.3,83.0
2026-04-16 06:50:40,11.3,83.0
2026-04-16 06:51:20,11.3,83.0
2026-04-16 06:52:00,11.3,83.0
2026-04-16 06:52:40,11.3,84.0
2026-04-16 06:53:20,11.3,84.0
2026-04-16 06:54:00,11.3,84.0
2026-04-16 06:54:40,11.3,84.0
2026-04-16 06:55:20,11.3,84.0
2026-04-16 06:56:00,11.3,84.0
2026-04-16 06:56:40,11.3,84.0
2026-04-16 06:57:20,11.3,83.0
2026-04-16 06:58:00,11.3,83.0
2026-04-16 06:58:40,11.3,83.0
2026-04-16 06:59:20,11.3,83.0
2026-04-16 07:00:00,11.3,83.0
2026-04-16 07:00:40,11.4,83.0
2026-04-16 07:01:20,11.4,83.0
2026-04-16 07:02:00,11.4,83.0
2026-04-16 07:02:40,11.6,83.0
2026-04-16 07:03:20,11.7,83.0
2026-04-16 07:04:00,11.8,83.0
2026-04-16 07:04:40,11.8,83.0
2026-04-16 07:05:20,11.8,83.0
2026-04-16 07:06:00,11.8,83.0
2026-04-16 07:06:40,11.8,83.0
2026-04-16 07:07:20,11.8,83.0
2026-04-16 07:08:00,11.8,83.0
2026-04-16 07:08:40,11.8,83.0
2026-04-16 07:09:20,11.6,83.0
2026-04-16 07:10:00,11.4,83.0
2026-04-16 07:10:40,11.3,83.0
2026-04-16 07:11:20,11.3,83.0
2026-04-16 07:12:00,11.3,83.0
2026-04-16 07:12:40,11.3,84.0
2026-04-16 07:13:20,11.3,84.0
2026-04-16 07:14:00,11.3,84.0
2026-04-16 07:14:40,11.3,85.0
2026-04-16 07:15:20,11.3,85.0
2026-04-16 07:16:00,11.3,85.0
2026-04-16 07:16:40,11.3,85.0
2026-04-16 07:17:20,11.3,85.0
2026-04-16 07:18:00,11.3,86.0
2026-04-16 07:18:40,11.3,86.0
2026-04-16 07:19:20,11.3,86.0
2026-04-16 07:20:00,11.3,86.0
2026-04-16 07:20:40,11.3,86.0
2026-04-16 07:21:20,11.3,86.0
2026-04-16 07:22:00,11.3,86.0
2026-04-16 07:22:40,11.3,86.0
2026-04-16 07:23:20,11.5,86.0
2026-04-16 07:24:00,11.8,86.0
2026-04-16 07:24:40,11.8,85.0
2026-04-16 07:25:20,11.8,85.0
2026-04-16 07:26:00,11.8,85.0
2026-04-16 07:26:40,11.8,85.0
2026-04-16 07:27:20,11.8,85.0
2026-04-16 07:28:00,11.8,85.0
2026-04-16 07:28:40,11.8,85.0
2026-04-16 07:29:20,11.8,85.0
2026-04-16 07:30:00,11.8,85.0
2026-04-16 07:30:40,11.8,85.0
2026-04-16 07:31:20,11.8,84.0
2026-04-16 07:32:00,11.8,84.0
2026-04-16 07:32:40,11.8,84.0
2026-04-16 07:33:20,11.8,84.0
2026-04-16 07:34:00,11.8,84.0
2026-04-16 07:34:40,11.8,84.0
2026-04-16 07:35:20,11.8,83.0
2026-04-16 07:36:00,11.8,83.0
2026-04-16 07:36:40,11.8,83.0
2026-04-16 07:37:20,11.8,83.0
2026-04-16 07:38:00,12.1,83.0
2026-04-16 07:38:40,12.2,83.0
2026-04-16 07:39:20,12.2,83.0
2026-04-16 07:40:00,12.2,83.0
2026-04-16 07:40:40,12.2,83.0
2026-04-16 07:41:20,12.2,83.0
2026-04-16 07:42:00,12.2,83.0
2026-04-16 07:42:40,12.4,83.0
2026-04-16 07:43:20,12.5,83.0
2026-04-16 07:44:00,12.5,83.0
2026-04-16 07:44:40,12.4,82.0
2026-04-16 07:45:20,12.2,83.0
2026-04-16 07:46:00,12.2,83.0
2026-04-16 07:46:40,12.2,83.0
2026-04-16 07:47:20,12.2,83.0
2026-04-16 07:48:00,12.2,83.0
2026-04-16 07:48:40,12.2,83.0
2026-04-16 07:49:20,12.2,83.0
2026-04-16 07:50:00,12.2,83.0
2026-04-16 07:50:40,12.2,83.0
2026-04-16 07:51:20,12.2,83.0
2026-04-16 07:52:00,12.2,83.0
2026-04-16 07:52:40,12.2,83.0
2026-04-16 07:53:20,12.2,83.0
2026-04-16 07:54:00,12.2,83.0
2026-04-16 07:54:40,12.2,83.0
2026-04-16 07:55:20,12.2,83.0
2026-04-16 07:56:00,12.2,83.0
2026-04-16 07:56:40,12.5,83.0
2026-04-16 07:57:20,12.6,83.0
2026-04-16 07:58:00,12.5,83.0
2026-04-16 07:58:40,12.3,83.0
2026-04-16 07:59:20,12.2,83.0
2026-04-16 08:00:00,12.2,83.0
2026-04-16 08:00:40,12.6,83.0
2026-04-16 08:01:20,12.6,82.0
2026-04-16 08:02:00,12.6,82.0
2026-04-16 08:02:40,12.6,82.0
2026-04-16 08:03:20,12.6,82.0
2026-04-16 08:04:00,12.6,82.0
2026-04-16 08:04:40,12.3,82.0
2026-04-16 08:05:20,12.3,82.0
2026-04-16 08:06:00,12.6,83.0
2026-04-16 08:06:40,12.6,83.0
2026-04-16 08:07:20,13.0,83.0
2026-04-16 08:08:00,13.0,82.0
2026-04-16 08:08:40,13.0,82.0
2026-04-16 08:09:20,13.3,82.0
2026-04-16 08:10:00,13.3,82.0
2026-04-16 08:10:40,13.3,81.0
2026-04-16 08:11:20,13.3,81.0
2026-04-16 08:12:00,13.3,81.0
2026-04-16 08:12:40,13.3,81.0
2026-04-16 08:13:20,13.0,82.0
2026-04-16 08:14:00,13.0,81.0
2026-04-16 08:14:40,13.0,81.0
2026-04-16 08:15:20,13.0,82.0
2026-04-16 08:16:00,13.0,81.0
2026-04-16 08:16:40,13.0,82.0
2026-04-16 08:17:20,13.0,82.0
2026-04-16 08:18:00,13.0,82.0
2026-04-16 08:18:40,13.0,82.0
2026-04-16 08:19:20,12.6,82.0
2026-04-16 08:20:00,12.6,82.0
2026-04-16 08:20:40,12.6,83.0
2026-04-16 08:21:20,12.9,83.0
2026-04-16 08:22:00,13.0,83.0
2026-04-16 08:22:40,13.3,83.0
2026-04-16 08:23:20,13.3,82.0
2026-04-16 08:24:00,13.1,82.0
2026-04-16 08:24:40,13.0,82.0
2026-04-16 08:25:20,13.0,82.0
2026-04-16 08:26:00,13.0,83.0
2026-04-16 08:26:40,13.0,83.0
2026-04-16 08:27:20,13.2,83.0
2026-04-16 08:28:00,13.5,83.0
2026-04-16 08:28:40,13.6,82.0
2026-04-16 08:29:20,13.3,82.0
2026-04-16 08:30:00,13.3,82.0
2026-04-16 08:30:40,13.3,82.0
2026-04-16 08:31:20,13.3,82.0
2026-04-16 08:32:00,13.3,82.0
2026-04-16 08:32:40,13.3,82.0
2026-04-16 08:33:20,13.3,81.0
2026-04-16 08:34:00,13.7,82.0
2026-04-16 08:34:40,14.8,81.0
2026-04-16 08:35:20,15.7,79.0
2026-04-16 08:36:00,15.2,77.0
2026-04-16 08:36:40,14.8,77.0
2026-04-16 08:37:20,14.8,77.0
2026-04-16 08:38:00,15.2,78.0
2026-04-16 08:38:40,17.0,75.0
2026-04-16 08:39:20,17.8,74.0
2026-04-16 08:40:00,17.4,72.0
2026-04-16 08:40:40,16.6,72.0
2026-04-16 08:41:20,16.6,73.0
2026-04-16 08:42:00,17.4,73.0
2026-04-16 08:42:40,18.2,72.0
2026-04-16 08:43:20,18.2,71.0
2026-04-16 08:44:00,18.2,70.0
2026-04-16 08:44:40,18.2,70.0
2026-04-16 08:45:20,18.2,70.0
2026-04-16 08:46:00,18.2,70.0
2026-04-16 08:46:40,18.2,70.0
2026-04-16 08:47:20,18.2,70.0
2026-04-16 08:48:00,18.2,70.0
2026-04-16 08:48:40,17.4,70.0
2026-04-16 08:49:20,17.0,71.0
2026-04-16 08:50:00,17.0,71.0
2026-04-16 08:50:40,16.6,71.0
2026-04-16 08:51:20,16.2,72.0
2026-04-16 08:52:00,16.1,74.0
2026-04-16 08:52:40,16.6,74.0
2026-04-16 08:53:20,16.1,73.0
2026-04-16 08:54:00,15.7,75.0
2026-04-16 08:54:40,15.2,75.0
2026-04-16 08:55:20,14.8,76.0
2026-04-16 08:56:00,14.8,78.0
2026-04-16 08:56:40,14.8,79.0
2026-04-16 08:57:20,14.8,78.0
2026-04-16 08:58:00,14.4,78.0
2026-04-16 08:58:40,14.4,78.0
2026-04-16 08:59:20,14.5,78.0
2026-04-16 09:00:00,14.4,78.0
2026-04-16 09:00:40,14.4,78.0
2026-04-16 09:01:20,14.4,79.0
2026-04-16 09:02:00,14.4,79.0
2026-04-16 09:02:40,14.2,79.0
2026-04-16 09:03:20,14.4,79.0
2026-04-16 09:04:00,14.1,79.0
2026-04-16 09:04:40,14.1,79.0
2026-04-16 09:05:20,14.1,79.0
2026-04-16 09:06:00,14.1,79.0
2026-04-16 09:06:40,14.1,79.0
2026-04-16 09:07:20,14.1,79.0
2026-04-16 09:08:00,14.4,79.0
2026-04-16 09:08:40,14.1,79.0
2026-04-16 09:09:20,14.1,79.0
2026-04-16 09:10:00,14.1,79.0
2026-04-16 09:10:40,14.1,79.0
2026-04-16 09:11:20,14.1,79.0
2026-04-16 09:12:00,13.9,79.0
2026-04-16 09:12:40,13.7,79.0
2026-04-16 09:13:20,13.7,79.0
2026-04-16 09:14:00,13.7,79.0
2026-04-16 09:14:40,13.7,79.0
2026-04-16 09:15:20,13.7,79.0
2026-04-16 09:16:00,13.8,79.0
2026-04-16 09:16:40,14.1,79.0
2026-04-16 09:17:20,14.1,79.0
2026-04-16 09:18:00,14.1,79.0
2026-04-16 09:18:40,14.4,79.0
2026-04-16 09:19:20,14.4,79.0
2026-04-16 09:20:00,14.4,79.0
2026-04-16 09:20:40,14.4,78.0
2026-04-16 09:21:20,14.4,78.0
2026-04-16 09:22:00,14.4,77.0
2026-04-16 09:22:40,14.4,77.0
2026-04-16 09:23:20,14.8,78.0
2026-04-16 09:24:00,14.8,77.0
2026-04-16 09:24:40,14.8,78.0
2026-04-16 09:25:20,14.5,78.0
2026-04-16 09:26:00,14.4,78.0
2026-04-16 09:27:20,14.4,78.0
2026-04-16 09:28:00,14.4,78.0
2026-04-16 09:28:40,14.4,77.0
2026-04-16 09:29:20,14.1,78.0
2026-04-16 09:30:00,14.1,77.0
2026-04-16 09:30:40,14.1,78.0
2026-04-16 09:31:20,14.1,78.0
2026-04-16 09:32:00,14.1,78.0
2026-04-16 09:32:40,14.1,78.0
2026-04-16 09:33:20,14.1,79.0
2026-04-16 09:34:00,14.1,78.0
2026-04-16 09:34:40,14.1,78.0
2026-04-16 09:35:20,14.1,79.0
2026-04-16 09:36:00,14.1,79.0
2026-04-16 09:36:40,14.4,78.0
2026-04-16 09:37:20,14.4,78.0
2026-04-16 09:38:00,14.4,78.0
2026-04-16 09:38:40,14.4,78.0
2026-04-16 09:39:20,14.4,77.0
2026-04-16 09:40:00,14.4,77.0
2026-04-16 09:40:40,14.4,77.0
2026-04-16 09:41:20,14.4,77.0
2026-04-16 09:42:00,14.4,76.0
2026-04-16 09:42:40,14.5,78.0
2026-04-16 09:43:20,15.3,77.0
2026-04-16 09:44:00,15.7,75.0
2026-04-16 09:44:40,16.6,74.0
2026-04-16 09:45:20,18.6,73.0
2026-04-16 09:46:00,20.2,69.0
2026-04-16 09:46:40,20.4,63.0
2026-04-16 09:47:20,19.0,61.0
2026-04-16 09:48:00,18.2,63.0
2026-04-16 09:48:40,17.8,66.0
2026-04-16 09:49:20,17.4,68.0
2026-04-16 09:50:00,17.0,69.0
2026-04-16 09:50:40,17.0,70.0
2026-04-16 09:51:20,17.4,70.0
2026-04-16 09:52:00,17.0,70.0
2026-04-16 09:52:40,17.2,70.0
2026-04-16 09:53:20,17.4,70.0
2026-04-16 09:54:00,17.8,70.0
2026-04-16 09:54:40,19.0,70.0
2026-04-16 09:55:20,20.2,64.0
2026-04-16 09:56:00,20.6,62.0
2026-04-16 09:56:40,20.6,60.0
2026-04-16 09:57:20,19.8,60.0
2026-04-16 09:58:00,19.4,62.0
2026-04-16 09:58:40,18.6,63.0
2026-04-16 09:59:20,18.2,66.0
2026-04-16 10:00:00,18.2,67.0
2026-04-16 10:00:40,17.8,68.0
2026-04-16 10:01:20,18.2,68.0
2026-04-16 10:02:00,17.8,67.0
2026-04-16 10:02:40,17.4,67.0
2026-04-16 10:03:20,17.0,69.0
2026-04-16 10:04:00,16.6,69.0
2026-04-16 10:04:40,16.6,70.0
2026-04-16 10:05:20,16.1,70.0
2026-04-16 10:06:00,16.1,70.0
2026-04-16 10:06:40,15.7,72.0
2026-04-16 10:07:20,15.7,73.0
2026-04-16 10:08:00,15.7,74.0
2026-04-16 10:08:40,15.7,73.0
2026-04-16 10:09:20,15.2,74.0
2026-04-16 10:10:00,15.2,74.0
2026-04-16 10:10:40,15.6,75.0
2026-04-16 10:11:20,15.7,74.0
2026-04-16 10:12:00,16.6,73.0
2026-04-16 10:12:40,17.0,72.0
2026-04-16 10:13:20,17.0,71.0
2026-04-16 10:14:00,16.9,72.0
2026-04-16 10:14:40,16.6,71.0
2026-04-16 10:15:20,16.6,72.0
2026-04-16 10:16:00,16.5,73.0
2026-04-16 10:16:40,16.1,72.0
2026-04-16 10:17:20,16.1,71.0
2026-04-16 10:18:00,16.1,71.0
2026-04-16 10:18:40,16.1,71.0
2026-04-16 10:19:20,16.1,70.0
2026-04-16 10:20:00,16.1,71.0
2026-04-16 10:20:40,16.2,72.0
2026-04-16 10:21:20,16.6,72.0
2026-04-16 10:22:00,16.6,71.0
2026-04-16 10:22:40,16.7,71.0
2026-04-16 10:23:20,17.0,71.0
2026-04-16 10:24:00,16.6,71.0
2026-04-16 10:24:40,16.6,71.0
2026-04-16 10:25:20,16.1,71.0
2026-04-16 10:26:00,16.1,71.0
2026-04-16 10:27:20,16.1,72.0
2026-04-16 10:28:00,16.1,72.0
2026-04-16 10:28:40,16.1,72.0
2026-04-16 10:29:20,16.1,72.0
2026-04-16 10:30:00,15.7,73.0
2026-04-16 10:30:40,15.6,73.0
2026-04-16 10:31:20,15.2,74.0
2026-04-16 10:32:00,15.2,74.0
2026-04-16 10:32:40,15.2,74.0
2026-04-16 10:33:20,15.0,74.0
2026-04-16 10:34:00,15.2,74.0
2026-04-16 10:34:40,15.2,74.0
2026-04-16 10:35:20,15.7,74.0
2026-04-16 10:36:00,16.1,73.0
2026-04-16 10:36:40,16.1,73.0
2026-04-16 10:37:20,16.1,72.0
2026-04-16 10:38:00,16.5,72.0
2026-04-16 10:38:40,16.6,71.0
2026-04-16 10:39:20,16.6,71.0
2026-04-16 10:40:00,17.0,70.0
2026-04-16 10:40:40,17.0,71.0
2026-04-16 10:41:20,17.4,71.0
2026-04-16 10:42:00,18.2,70.0
2026-04-16 10:42:40,18.2,69.0
2026-04-16 10:43:20,18.2,67.0
2026-04-16 10:44:00,17.8,68.0
2026-04-16 10:44:40,17.4,69.0
2026-04-16 10:45:20,17.8,70.0
2026-04-16 10:46:00,17.8,69.0
2026-04-16 10:46:40,17.8,69.0
2026-04-16 10:47:20,17.8,69.0
2026-04-16 10:48:00,17.4,70.0
2026-04-16 10:48:40,17.0,70.0
2026-04-16 10:49:20,16.6,70.0
2026-04-16 10:50:00,16.6,70.0
2026-04-16 10:50:40,16.1,70.0
2026-04-16 10:51:20,16.1,72.0
2026-04-16 10:52:00,16.1,72.0
2026-04-16 10:52:40,16.0,72.0
2026-04-16 10:53:20,15.7,72.0
2026-04-16 10:54:00,15.7,73.0
2026-04-16 10:54:40,16.1,72.0
2026-04-16 10:55:20,16.1,72.0
2026-04-16 10:56:00,16.1,72.0
2026-04-16 10:56:40,16.6,73.0
2026-04-16 10:57:20,16.6,72.0
2026-04-16 10:58:00,16.6,71.0
2026-04-16 10:58:40,16.6,73.0
2026-04-16 10:59:20,16.6,70.0
2026-04-16 11:00:00,16.6,70.0
2026-04-16 11:00:40,16.6,70.0
2026-04-16 11:01:20,16.6,70.0
2026-04-16 11:02:00,16.6,70.0
2026-04-16 11:02:40,16.6,69.0
2026-04-16 11:03:20,16.1,70.0
2026-04-16 11:04:00,15.7,72.0
2026-04-16 11:04:40,15.7,71.0
2026-04-16 11:05:20,15.7,72.0
2026-04-16 11:06:00,15.6,73.0
2026-04-16 11:06:40,15.4,73.0
2026-04-16 11:07:20,15.2,73.0
2026-04-16 11:08:00,15.2,73.0
2026-04-16 11:08:40,15.7,74.0
2026-04-16 11:09:20,15.7,74.0
2026-04-16 11:10:00,16.1,73.0
2026-04-16 11:10:40,16.1,72.0
2026-04-16 11:11:20,16.1,71.0
2026-04-16 11:12:00,16.1,71.0
2026-04-16 11:12:40,16.1,71.0
2026-04-16 11:13:20,16.1,71.0
2026-04-16 11:14:00,16.1,71.0
2026-04-16 11:14:40,16.3,71.0
2026-04-16 11:15:20,16.6,71.0
2026-04-16 11:16:00,16.6,71.0
2026-04-16 11:16:40,16.6,71.0
2026-04-16 11:17:20,17.0,71.0
2026-04-16 11:18:00,17.0,71.0
2026-04-16 11:18:40,17.0,70.0
2026-04-16 11:19:20,16.6,70.0
2026-04-16 11:20:00,16.6,71.0
2026-04-16 11:20:40,16.1,71.0
2026-04-16 11:21:20,15.7,71.0
2026-04-16 11:22:00,15.7,73.0
2026-04-16 11:22:40,15.3,73.0
2026-04-16 11:23:20,15.2,73.0
2026-04-16 11:24:00,15.2,74.0
2026-04-16 11:24:40,15.2,75.0
2026-04-16 11:25:20,14.9,75.0
2026-04-16 11:26:00,14.8,76.0
2026-04-16 11:26:40,14.8,76.0
2026-04-16 11:27:20,14.8,77.0
2026-04-16 11:28:00,14.8,76.0
2026-04-16 11:28:40,14.8,76.0
2026-04-16 11:29:20,14.8,77.0
2026-04-16 11:30:00,14.8,77.0
2026-04-16 11:30:40,15.2,77.0
2026-04-16 11:31:20,15.2,76.0
2026-04-16 11:32:00,16.1,76.0
2026-04-16 11:32:40,17.4,74.0
2026-04-16 11:33:20,18.6,73.0
2026-04-16 11:34:00,19.4,70.0
2026-04-16 11:34:40,19.8,67.0
2026-04-16 11:35:20,19.8,66.0
2026-04-16 11:36:00,19.0,66.0
2026-04-16 11:36:40,18.6,67.0
2026-04-16 11:37:20,18.6,69.0
2026-04-16 11:38:00,19.0,69.0
2026-04-16 11:38:40,18.7,69.0
2026-04-16 11:39:20,18.6,69.0
2026-04-16 11:40:00,18.2,69.0
2026-04-16 11:40:40,18.2,71.0
2026-04-16 11:41:20,18.2,71.0
2026-04-16 11:42:00,17.8,71.0
2026-04-16 11:42:40,17.8,71.0
2026-04-16 11:43:20,17.8,71.0
2026-04-16 11:44:00,17.8,71.0
2026-04-16 11:44:40,18.0,71.0
2026-04-16 11:45:20,17.8,70.0
2026-04-16 11:46:00,17.4,70.0
2026-04-16 11:46:40,17.4,71.0
2026-04-16 11:47:20,17.0,72.0
2026-04-16 11:48:00,17.0,73.0
2026-04-16 11:48:40,17.0,72.0
2026-04-16 11:49:20,17.0,71.0
2026-04-16 11:50:00,17.4,72.0
2026-04-16 11:50:40,17.5,72.0
2026-04-16 11:51:20,17.8,71.0
2026-04-16 11:52:00,18.6,70.0
2026-04-16 11:52:40,19.0,70.0
2026-04-16 11:53:20,20.2,66.0
2026-04-16 11:54:00,20.6,66.0
2026-04-16 11:54:40,21.0,64.0
2026-04-16 11:55:20,21.0,62.0
2026-04-16 11:56:00,21.0,62.0
2026-04-16 11:56:40,21.0,65.0
2026-04-16 11:57:20,21.0,66.0
2026-04-16 11:58:00,21.0,64.0
2026-04-16 11:58:40,20.6,63.0
2026-04-16 11:59:20,20.6,63.0
2026-04-16 12:00:00,20.6,64.0
2026-04-16 12:00:40,20.6,65.0
2026-04-16 12:01:20,21.0,66.0
2026-04-16 12:02:00,21.4,61.0
2026-04-16 12:02:40,21.4,59.0
2026-04-16 12:03:20,21.4,59.0
2026-04-16 12:04:00,21.0,60.0
2026-04-16 12:04:40,20.6,62.0
2026-04-16 12:05:20,20.2,59.0
2026-04-16 12:06:00,20.2,59.0
2026-04-16 12:06:40,20.2,60.0
2026-04-16 12:07:20,20.6,59.0
2026-04-16 12:08:00,20.2,62.0
2026-04-16 12:08:40,20.2,61.0
2026-04-16 12:09:20,19.8,60.0
2026-04-16 12:10:00,19.0,62.0
2026-04-16 12:10:40,19.0,65.0
2026-04-16 12:11:20,19.4,64.0
2026-04-16 12:12:00,19.8,62.0
2026-04-16 12:12:40,19.8,62.0
2026-04-16 12:13:20,19.4,61.0
2026-04-16 12:14:00,19.4,62.0
2026-04-16 12:14:40,19.5,61.0
2026-04-16 12:15:20,20.2,61.0
2026-04-16 12:16:00,20.6,58.0
2026-04-16 12:16:40,20.9,58.0
2026-04-16 12:17:20,20.6,59.0
2026-04-16 12:18:00,20.4,59.0
2026-04-16 12:18:40,20.2,59.0
2026-04-16 12:19:20,20.2,57.0
2026-04-16 12:20:00,19.8,56.0
2026-04-16 12:20:40,19.5,56.0
2026-04-16 12:21:20,19.4,58.0
2026-04-16 12:22:00,19.8,59.0
2026-04-16 12:22:40,20.2,60.0
2026-04-16 12:23:20,20.6,59.0
2026-04-16 12:24:00,20.2,59.0
2026-04-16 12:24:40,19.8,60.0
2026-04-16 12:25:20,19.4,59.0
2026-04-16 12:26:00,18.7,59.0
2026-04-16 12:26:40,18.6,60.0
2026-04-16 12:27:20,18.2,61.0
2026-04-16 12:28:00,18.2,62.0
2026-04-16 12:28:40,18.6,60.0
2026-04-16 12:29:20,19.0,60.0
2026-04-16 12:30:00,19.4,63.0
2026-04-16 12:30:40,19.8,62.0
2026-04-16 12:31:20,20.2,61.0
2026-04-16 12:32:00,20.2,61.0
2026-04-16 12:32:40,20.6,59.0
2026-04-16 12:33:20,22.2,58.0
2026-04-16 12:34:00,22.2,54.0
2026-04-16 12:34:40,22.6,53.0
2026-04-16 12:35:20,22.5,51.0
2026-04-16 12:36:00,23.0,51.0
2026-04-16 12:36:40,23.8,52.0
2026-04-16 12:37:20,24.1,49.0
2026-04-16 12:38:00,24.8,49.0
2026-04-16 12:38:40,26.2,51.0
2026-04-16 12:39:20,26.2,47.0
2026-04-16 12:40:00,24.5,46.0
2026-04-16 12:40:40,22.8,48.0
2026-04-16 12:41:20,21.5,48.0
2026-04-16 12:42:00,20.8,50.0
2026-04-16 12:42:40,20.6,53.0
2026-04-16 12:43:20,20.2,57.0
2026-04-16 12:44:00,20.2,55.0
2026-04-16 12:44:40,20.2,55.0
2026-04-16 12:45:20,20.2,57.0
2026-04-16 12:46:00,20.2,57.0
2026-04-16 12:46:40,19.8,56.0
2026-04-16 12:47:20,19.4,57.0
2026-04-16 12:48:00,19.0,55.0
2026-04-16 12:48:40,19.0,56.0
2026-04-16 12:49:20,19.0,57.0
2026-04-16 12:50:00,19.8,55.0
2026-04-16 12:50:40,20.6,55.0
2026-04-16 12:51:20,21.8,53.0
2026-04-16 12:52:00,22.6,51.0
2026-04-16 12:52:40,23.0,51.0
2026-04-16 12:53:20,23.0,51.0
2026-04-16 12:54:00,23.4,49.0
2026-04-16 12:54:40,23.0,49.0
2026-04-16 12:55:20,21.8,49.0
2026-04-16 12:56:00,20.7,50.0
2026-04-16 12:56:40,19.8,53.0
2026-04-16 12:57:20,19.8,53.0
2026-04-16 12:58:00,19.8,55.0
2026-04-16 12:58:40,19.4,54.0
2026-04-16 12:59:20,20.2,55.0
2026-04-16 13:00:00,22.2,53.0
2026-04-16 13:00:40,24.8,49.0
2026-04-16 13:01:20,27.1,48.0
2026-04-16 13:02:00,28.9,42.0
2026-04-16 13:02:40,28.0,39.0
2026-04-16 13:03:20,27.9,42.0
2026-04-16 13:04:00,27.1,40.0
2026-04-16 13:04:40,27.1,41.0
2026-04-16 13:05:20,27.1,42.0
2026-04-16 13:06:00,26.2,41.0
2026-04-16 13:06:40,24.1,40.0
2026-04-16 13:07:20,23.8,43.0
2026-04-16 13:08:00,23.0,43.0
2026-04-16 13:08:40,22.2,45.0
2026-04-16 13:09:20,21.4,47.0
2026-04-16 13:10:00,20.6,48.0
2026-04-16 13:10:40,21.8,48.0
2026-04-16 13:11:20,22.2,49.0
2026-04-16 13:12:00,23.4,48.0
2026-04-16 13:12:40,24.5,45.0
2026-04-16 13:13:20,26.2,45.0
2026-04-16 13:14:00,28.4,42.0
2026-04-16 13:14:40,30.2,40.0
2026-04-16 13:15:20,30.2,37.0
2026-04-16 13:16:00,30.8,35.0
2026-04-16 13:16:40,31.3,35.0
2026-04-16 13:17:20,32.3,35.0
2026-04-16 13:18:00,31.8,32.0
2026-04-16 13:18:40,30.2,35.0
2026-04-16 13:19:20,28.5,36.0
2026-04-16 13:20:00,26.2,38.0
2026-04-16 13:20:40,24.5,37.0
2026-04-16 13:21:20,23.8,40.0
2026-04-16 13:22:00,25.3,42.0
2026-04-16 13:22:40,27.6,40.0
2026-04-16 13:23:20,29.3,36.0
2026-04-16 13:24:00,28.0,37.0
2026-04-16 13:24:40,26.2,38.0
2026-04-16 13:25:20,24.8,41.0
2026-04-16 13:26:00,23.8,39.0
2026-04-16 13:26:40,22.6,39.0
2026-04-16 13:27:20,21.4,41.0
2026-04-16 13:28:00,21.8,45.0
2026-04-16 13:28:40,24.5,43.0
2026-04-16 13:29:20,27.6,44.0
2026-04-16 13:30:00,29.3,38.0
2026-04-16 13:30:40,30.2,36.0
2026-04-16 13:31:20,32.3,34.0
2026-04-16 13:32:00,33.3,36.0
2026-04-16 13:32:40,31.8,34.0
2026-04-16 13:33:20,28.5,33.0
2026-04-16 13:34:00,26.2,38.0
2026-04-16 13:34:40,26.2,37.0
2026-04-16 13:35:20,25.8,39.0
2026-04-16 13:36:40,27.2,41.0
2026-04-16 13:37:20,29.0,37.0
2026-04-16 13:38:00,29.8,35.0
2026-04-16 13:38:40,30.8,34.0
2026-04-16 13:39:20,31.3,33.0
2026-04-16 13:40:00,30.2,33.0
2026-04-16 13:40:40,29.8,37.0
2026-04-16 13:41:20,30.2,32.0
2026-04-16 13:42:00,31.3,36.0
2026-04-16 13:42:40,33.3,33.0
2026-04-16 13:43:20,33.8,33.0
2026-04-16 13:44:00,35.2,33.0
2026-04-16 13:44:40,35.2,28.0
2026-04-16 13:45:20,34.2,30.0
2026-04-16 13:46:00,33.8,30.0
2026-04-16 13:46:40,32.3,30.0
2026-04-16 13:47:20,30.8,30.0
2026-04-16 13:48:00,29.3,31.0
2026-04-16 13:48:40,28.5,37.0
2026-04-16 13:49:20,29.8,33.0
2026-04-16 13:50:00,30.2,35.0
2026-04-16 13:50:40,32.3,34.0
2026-04-16 13:51:20,33.8,30.0
2026-04-16 13:52:00,34.2,29.0
2026-04-16 13:52:40,34.2,30.0
2026-04-16 13:53:20,33.3,28.0
2026-04-16 13:54:00,33.3,29.0
2026-04-16 13:54:40,33.8,30.0
2026-04-16 13:55:20,35.2,32.0
2026-04-16 13:56:00,34.2,29.0
2026-04-16 13:56:40,31.8,30.0
2026-04-16 13:57:20,29.3,31.0
2026-04-16 13:58:00,27.6,35.0
2026-04-16 13:58:40,25.8,35.0
2026-04-16 13:59:20,24.1,34.0
2026-04-16 14:00:00,23.0,37.0
2026-04-16 14:00:40,22.6,38.0
2026-04-16 14:01:20,22.2,39.0
2026-04-16 14:02:00,22.1,41.0
2026-04-16 14:02:40,22.2,43.0
2026-04-16 14:03:20,22.2,42.0
2026-04-16 14:04:00,22.6,42.0
2026-04-16 14:04:40,23.4,43.0
2026-04-16 14:05:20,26.2,41.0
2026-04-16 14:06:00,28.0,42.0
2026-04-16 14:06:40,29.8,37.0
2026-04-16 14:07:20,28.9,36.0
2026-04-16 14:08:00,26.7,38.0
2026-04-16 14:08:40,24.5,39.0
2026-04-16 14:09:20,24.5,42.0
2026-04-16 14:10:00,26.7,40.0
2026-04-16 14:10:40,26.2,39.0
2026-04-16 14:11:20,24.8,39.0
2026-04-16 14:12:00,24.8,39.0
2026-04-16 14:12:40,27.1,39.0
2026-04-16 14:13:20,27.6,37.0
2026-04-16 14:14:00,25.8,38.0
2026-04-16 14:14:40,24.1,38.0
2026-04-16 14:15:20,24.5,41.0
2026-04-16 14:16:00,26.3,38.0
2026-04-16 14:16:40,25.8,38.0
2026-04-16 14:17:20,24.8,39.0
2026-04-16 14:18:00,25.8,41.0
2026-04-16 14:18:40,25.8,38.0
2026-04-16 14:19:20,24.5,39.0
2026-04-16 14:20:00,23.4,39.0
2026-04-16 14:20:40,22.6,39.0
2026-04-16 14:21:20,22.2,42.0
2026-04-16 14:22:00,21.8,43.0
2026-04-16 14:22:40,21.4,44.0
2026-04-16 14:23:20,21.1,45.0
2026-04-16 14:24:00,21.0,48.0
2026-04-16 14:24:40,21.0,45.0
2026-04-16 14:25:20,20.6,47.0
2026-04-16 14:26:00,20.2,48.0
2026-04-16 14:26:40,20.2,47.0
2026-04-16 14:27:20,20.2,48.0
2026-04-16 14:28:00,20.2,47.0
2026-04-16 14:28:40,20.2,49.0
2026-04-16 14:29:20,20.2,49.0
2026-04-16 14:30:00,20.2,50.0
2026-04-16 14:30:40,20.2,53.0
2026-04-16 14:31:20,20.1,49.0
2026-04-16 14:32:00,19.8,51.0
2026-04-16 14:32:40,19.8,53.0
2026-04-16 14:33:20,19.4,51.0
2026-04-16 14:34:00,19.4,53.0
2026-04-16 14:34:40,19.0,53.0
2026-04-16 14:35:20,19.0,55.0
2026-04-16 14:36:00,19.0,52.0
2026-04-16 14:36:40,18.6,54.0
2026-04-16 14:37:20,18.6,51.0
2026-04-16 14:38:00,18.2,55.0
2026-04-16 14:38:40,18.2,52.0
2026-04-16 14:39:20,18.2,52.0
2026-04-16 14:40:00,18.2,52.0
2026-04-16 14:40:40,18.2,53.0
2026-04-16 14:41:20,18.2,54.0
2026-04-16 14:42:00,18.2,54.0
2026-04-16 14:42:40,18.2,53.0
2026-04-16 14:43:20,18.2,54.0
2026-04-16 14:44:00,18.2,52.0
2026-04-16 14:44:40,18.2,54.0
2026-04-16 14:45:20,18.2,54.0
2026-04-16 14:46:00,18.2,55.0
2026-04-16 14:46:40,18.2,53.0
2026-04-16 14:47:20,18.2,55.0
2026-04-16 14:48:00,18.2,53.0
2026-04-16 14:48:40,17.8,53.0
2026-04-16 14:49:20,17.8,55.0
2026-04-16 14:50:00,17.8,55.0
2026-04-16 14:50:40,17.8,55.0
2026-04-16 14:51:20,17.5,57.0
2026-04-16 14:52:00,17.4,55.0
2026-04-16 14:52:40,17.4,55.0
2026-04-16 14:53:20,17.4,55.0
2026-04-16 14:54:00,17.4,57.0
2026-04-16 14:54:40,17.4,58.0
2026-04-16 14:55:20,17.8,59.0
2026-04-16 14:56:00,17.8,58.0
2026-04-16 14:56:40,17.8,57.0
2026-04-16 14:57:20,17.8,56.0
2026-04-16 14:58:00,17.6,57.0
2026-04-16 14:58:40,17.4,57.0
2026-04-16 14:59:20,17.4,56.0
2026-04-16 15:00:00,17.4,57.0
2026-04-16 15:00:40,17.4,57.0
2026-04-16 15:01:20,17.4,58.0
2026-04-16 15:02:00,17.4,58.0
2026-04-16 15:02:40,17.4,59.0
2026-04-16 15:03:20,17.4,59.0
2026-04-16 15:04:00,17.4,58.0
2026-04-16 15:04:40,17.4,59.0
2026-04-16 15:05:20,17.4,59.0
2026-04-16 15:06:00,17.4,60.0
2026-04-16 15:06:40,17.8,60.0
2026-04-16 15:07:20,17.8,60.0
2026-04-16 15:08:00,18.2,59.0
2026-04-16 15:08:40,19.0,59.0
2026-04-16 15:09:20,19.4,58.0
2026-04-16 15:10:00,19.4,57.0
2026-04-16 15:10:40,19.8,57.0
2026-04-16 15:11:20,19.8,54.0
2026-04-16 15:12:00,19.4,57.0
2026-04-16 15:12:40,19.4,58.0
2026-04-16 15:13:20,19.4,60.0
2026-04-16 15:14:00,19.4,59.0
2026-04-16 15:14:40,19.4,58.0
2026-04-16 15:15:20,19.0,57.0
2026-04-16 15:16:00,19.0,57.0
2026-04-16 15:16:40,18.6,57.0
2026-04-16 15:17:20,18.6,58.0
2026-04-16 15:18:00,18.5,59.0
2026-04-16 15:18:40,18.6,58.0
2026-04-16 15:19:20,18.6,58.0
2026-04-16 15:20:00,18.6,57.0
2026-04-16 15:20:40,18.6,58.0
2026-04-16 15:21:20,18.5,57.0
2026-04-16 15:22:00,18.6,58.0
2026-04-16 15:22:40,18.6,57.0
2026-04-16 15:23:20,18.6,58.0
2026-04-16 15:24:00,18.6,57.0
2026-04-16 15:24:40,18.2,58.0
2026-04-16 15:25:20,18.2,58.0
2026-04-16 15:26:00,18.2,58.0
2026-04-16 15:26:40,18.2,58.0
2026-04-16 15:27:20,18.2,58.0
2026-04-16 15:28:00,18.6,59.0
2026-04-16 15:28:40,18.6,57.0
2026-04-16 15:29:20,18.6,58.0
2026-04-16 15:30:00,18.6,58.0
2026-04-16 15:30:40,18.7,58.0
2026-04-16 15:31:20,19.0,58.0
2026-04-16 15:32:00,19.0,57.0
2026-04-16 15:32:40,19.0,56.0
2026-04-16 15:33:20,19.4,57.0
2026-04-16 15:34:00,20.0,55.0
2026-04-16 15:34:40,20.6,53.0
2026-04-16 15:35:20,21.4,53.0
2026-04-16 15:36:00,21.4,52.0
2026-04-16 15:36:40,21.4,52.0
2026-04-16 15:37:20,21.4,52.0
2026-04-16 15:38:00,21.8,52.0
2026-04-16 15:38:40,21.8,52.0
2026-04-16 15:39:20,21.4,51.0
2026-04-16 15:40:00,21.0,52.0
2026-04-16 15:40:40,20.6,53.0
2026-04-16 15:41:20,20.0,53.0
2026-04-16 15:42:00,19.8,53.0
2026-04-16 15:42:40,19.4,56.0
2026-04-16 15:43:20,19.4,55.0
2026-04-16 15:44:00,19.0,55.0
2026-04-16 15:44:40,19.0,55.0
2026-04-16 15:45:20,19.0,57.0
2026-04-16 15:46:00,19.0,56.0
2026-04-16 15:46:40,19.0,56.0
2026-04-16 15:47:20,18.6,55.0
2026-04-16 15:48:00,18.6,57.0
2026-04-16 15:48:40,18.6,57.0
2026-04-16 15:49:20,18.6,58.0
2026-04-16 15:50:00,18.6,58.0
2026-04-16 15:50:40,18.6,56.0
2026-04-16 15:51:20,18.6,56.0
2026-04-16 15:52:00,18.6,58.0
2026-04-16 15:52:40,18.6,57.0
2026-04-16 15:53:20,18.6,57.0
2026-04-16 15:54:00,18.6,58.0
2026-04-16 15:54:40,18.6,59.0
2026-04-16 15:55:20,19.0,58.0
2026-04-16 15:56:00,19.0,56.0
2026-04-16 15:56:40,19.0,55.0
2026-04-16 15:57:20,19.0,57.0
2026-04-16 15:58:00,19.0,58.0
2026-04-16 15:58:40,19.0,57.0
2026-04-16 15:59:20,19.0,59.0
2026-04-16 16:00:00,19.0,57.0
2026-04-16 16:00:40,19.0,57.0
2026-04-16 16:01:20,19.0,58.0
2026-04-16 16:02:00,19.0,57.0
2026-04-16 16:02:40,19.0,58.0
2026-04-16 16:03:20,18.6,58.0
2026-04-16 16:04:00,18.6,58.0
2026-04-16 16:04:40,18.2,56.0
2026-04-16 16:05:20,18.2,57.0
2026-04-16 16:06:00,18.2,58.0
2026-04-16 16:06:40,18.2,57.0
2026-04-16 16:07:20,18.1,58.0
2026-04-16 16:08:00,17.8,59.0
2026-04-16 16:08:40,17.8,58.0
2026-04-16 16:09:20,17.8,60.0
2026-04-16 16:10:00,17.4,57.0
2026-04-16 16:10:40,17.4,57.0
2026-04-16 16:11:20,17.4,59.0
2026-04-16 16:12:00,17.0,58.0
2026-04-16 16:12:40,17.0,59.0
2026-04-16 16:13:20,17.0,59.0
2026-04-16 16:14:00,17.0,61.0
2026-04-16 16:14:40,17.0,60.0
2026-04-16 16:15:20,17.0,60.0
2026-04-16 16:16:00,17.0,59.0
2026-04-16 16:16:40,17.0,62.0
2026-04-16 16:17:20,17.0,61.0
2026-04-16 16:18:00,17.0,60.0
2026-04-16 16:18:40,17.1,61.0
2026-04-16 16:19:20,17.4,60.0
2026-04-16 16:20:00,17.4,61.0
2026-04-16 16:20:40,17.4,60.0
2026-04-16 16:21:20,17.4,60.0
2026-04-16 16:22:00,17.4,61.0
2026-04-16 16:22:40,17.8,60.0
2026-04-16 16:23:20,17.8,60.0
2026-04-16 16:24:00,17.8,59.0
2026-04-16 16:24:40,17.8,59.0
2026-04-16 16:25:20,18.1,60.0
2026-04-16 16:26:00,18.2,59.0
2026-04-16 16:26:40,18.2,61.0
2026-04-16 16:27:20,18.2,61.0
2026-04-16 16:28:00,18.2,60.0
2026-04-16 16:28:40,18.6,60.0
2026-04-16 16:29:20,19.8,59.0
2026-04-16 16:30:00,21.4,58.0
2026-04-16 16:30:40,22.6,53.0
2026-04-16 16:31:20,23.0,51.0
2026-04-16 16:32:00,22.6,49.0
2026-04-16 16:32:40,21.8,49.0
2026-04-16 16:33:20,21.1,50.0
2026-04-16 16:34:00,20.6,52.0
2026-04-16 16:34:40,20.6,53.0
2026-04-16 16:35:20,20.2,54.0
2026-04-16 16:36:00,20.4,53.0
2026-04-16 16:36:40,21.0,53.0
2026-04-16 16:37:20,21.0,52.0
2026-04-16 16:38:00,20.6,53.0
2026-04-16 16:38:40,19.8,54.0
2026-04-16 16:40:00,19.0,53.0
2026-04-16 16:40:40,18.6,55.0
2026-04-16 16:41:20,18.3,56.0
2026-04-16 16:42:00,18.2,55.0
2026-04-16 16:42:40,17.8,56.0
2026-04-16 16:43:20,17.8,56.0
2026-04-16 16:44:00,17.6,57.0
2026-04-16 16:44:40,17.4,58.0
2026-04-16 16:45:20,17.4,60.0
2026-04-16 16:46:00,17.4,59.0
2026-04-16 16:46:40,17.4,60.0
2026-04-16 16:47:20,17.4,58.0
2026-04-16 16:48:00,17.4,58.0
2026-04-16 16:48:40,17.4,60.0
2026-04-16 16:49:20,17.4,59.0
2026-04-16 16:50:00,17.4,60.0
2026-04-16 16:50:40,17.4,61.0
2026-04-16 16:51:20,17.4,60.0
2026-04-16 16:52:00,17.4,60.0
2026-04-16 16:52:40,17.4,60.0
2026-04-16 16:53:20,17.4,61.0
2026-04-16 16:54:00,17.4,62.0
2026-04-16 16:54:40,17.4,62.0
2026-04-16 16:55:20,17.4,62.0
2026-04-16 16:56:00,17.4,64.0
2026-04-16 16:57:20,17.8,63.0
2026-04-16 16:58:00,17.8,63.0
2026-04-16 16:58:40,18.6,63.0
2026-04-16 16:59:20,18.6,61.0
2026-04-16 17:00:00,18.6,61.0
2026-04-16 17:00:40,18.3,60.0
2026-04-16 17:01:20,18.2,60.0
2026-04-16 17:02:00,18.2,63.0
2026-04-16 17:02:40,17.8,62.0
2026-04-16 17:03:20,17.8,62.0
2026-04-16 17:04:00,17.4,62.0
2026-04-16 17:04:40,17.0,64.0
2026-04-16 17:05:20,17.0,63.0
2026-04-16 17:06:00,17.0,65.0
2026-04-16 17:06:40,16.6,64.0
2026-04-16 17:07:20,16.6,66.0
2026-04-16 17:08:00,16.6,66.0
2026-04-16 17:08:40,16.6,65.0
2026-04-16 17:09:20,17.0,66.0
2026-04-16 17:10:00,17.0,65.0
2026-04-16 17:10:40,17.0,67.0
2026-04-16 17:11:20,17.0,65.0
2026-04-16 17:12:00,17.4,66.0
2026-04-16 17:12:40,17.4,65.0
2026-04-16 17:13:20,17.4,66.0
2026-04-16 17:14:00,17.8,65.0
2026-04-16 17:14:40,18.3,65.0
2026-04-16 17:15:20,18.6,64.0
2026-04-16 17:16:00,18.6,64.0
2026-04-16 17:16:40,18.6,62.0
2026-04-16 17:17:20,18.2,62.0
2026-04-16 17:18:00,18.2,62.0
2026-04-16 17:18:40,18.2,63.0
2026-04-16 17:19:20,17.8,64.0
2026-04-16 17:20:00,17.8,63.0
2026-04-16 17:20:40,17.4,65.0
2026-04-16 17:21:20,17.4,64.0
2026-04-16 17:22:00,17.4,65.0
2026-04-16 17:23:20,17.3,64.0
2026-04-16 17:24:00,17.0,65.0
2026-04-16 17:24:40,17.0,63.0
2026-04-16 17:25:20,17.0,64.0
2026-04-16 17:26:00,17.0,64.0
2026-04-16 17:26:40,17.0,65.0
2026-04-16 17:27:20,17.0,65.0
2026-04-16 17:28:40,17.0,65.0
2026-04-16 17:29:20,17.0,64.0
2026-04-16 17:30:00,17.0,65.0
2026-04-16 17:30:40,17.0,65.0
2026-04-16 17:31:20,17.0,65.0
2026-04-16 17:32:00,17.0,65.0
2026-04-16 17:32:40,17.0,67.0
2026-04-16 17:33:20,17.0,65.0
2026-04-16 17:34:00,16.9,64.0
2026-04-16 17:34:40,16.9,65.0
2026-04-16 17:35:20,17.0,65.0
2026-04-16 17:36:00,17.0,65.0
2026-04-16 17:36:40,17.0,65.0
2026-04-16 17:37:20,17.0,64.0
2026-04-16 17:38:00,17.0,64.0
2026-04-16 17:38:40,17.0,64.0
2026-04-16 17:39:20,17.0,64.0
2026-04-16 17:40:00,16.7,64.0
2026-04-16 17:40:40,16.7,65.0
2026-04-16 17:41:20,16.6,65.0
2026-04-16 17:42:00,16.6,64.0
2026-04-16 17:42:40,16.6,65.0
2026-04-16 17:43:20,16.6,65.0
2026-04-16 17:44:00,16.6,65.0
2026-04-16 17:44:40,16.6,65.0
2026-04-16 17:45:20,16.6,65.0
2026-04-16 17:46:00,16.6,64.0
2026-04-16 17:46:40,16.6,65.0
2026-04-16 17:47:20,16.6,65.0
2026-04-16 17:48:00,16.6,65.0
2026-04-16 17:48:40,16.6,65.0
2026-04-16 17:49:20,16.6,65.0
2026-04-16 17:50:00,16.6,67.0
2026-04-16 17:50:40,16.6,65.0
2026-04-16 17:51:20,16.6,64.0
2026-04-16 17:52:00,16.6,65.0
2026-04-16 17:52:40,16.6,64.0
2026-04-16 17:53:20,16.6,65.0
2026-04-16 17:54:00,17.0,65.0
2026-04-16 17:54:40,17.0,65.0
2026-04-16 17:55:20,17.0,64.0
2026-04-16 17:56:00,17.0,65.0
2026-04-16 17:56:40,17.0,64.0
2026-04-16 17:57:20,16.8,63.0
2026-04-16 17:58:00,16.6,64.0
2026-04-16 17:58:40,16.6,64.0
2026-04-16 17:59:20,16.2,64.0
2026-04-16 18:00:00,16.1,64.0
2026-04-16 18:00:40,16.1,65.0
2026-04-16 18:01:20,16.1,64.0
2026-04-16 18:02:00,15.8,66.0
2026-04-16 18:02:40,15.7,66.0
2026-04-16 18:03:20,15.7,67.0
2026-04-16 18:04:00,15.7,68.0
2026-04-16 18:04:40,15.7,68.0
2026-04-16 18:05:20,15.7,69.0
2026-04-16 18:06:00,15.7,68.0
2026-04-16 18:06:40,15.7,69.0
2026-04-16 18:07:20,15.7,70.0
2026-04-16 18:08:00,15.6,70.0
2026-04-16 18:08:40,15.6,70.0
2026-04-16 18:09:20,15.5,69.0
2026-04-16 18:10:00,15.4,70.0
2026-04-16 18:10:40,15.3,71.0
2026-04-16 18:11:20,15.2,70.0
2026-04-16 18:12:00,15.2,70.0
2026-04-16 18:12:40,15.2,70.0
2026-04-16 18:13:20,15.2,71.0
2026-04-16 18:14:00,15.2,71.0
2026-04-16 18:14:40,15.2,71.0
2026-04-16 18:15:20,15.2,71.0
2026-04-16 18:16:00,15.2,71.0
2026-04-16 18:16:40,15.2,71.0
2026-04-16 18:17:20,15.2,71.0
2026-04-16 18:18:00,15.2,71.0
2026-04-16 18:18:40,15.2,71.0
2026-04-16 18:19:20,15.3,71.0
2026-04-16 18:20:00,15.3,71.0
2026-04-16 18:20:40,15.5,71.0
2026-04-16 18:21:20,15.7,71.0
2026-04-16 18:22:00,15.7,71.0
2026-04-16 18:22:40,15.7,71.0
2026-04-16 18:23:20,15.7,71.0
2026-04-16 18:24:00,15.7,71.0
2026-04-16 18:24:40,15.7,71.0
2026-04-16 18:25:20,15.7,71.0
2026-04-16 18:26:00,15.7,71.0
2026-04-16 18:26:40,15.7,71.0
2026-04-16 18:27:20,15.7,70.0
2026-04-16 18:28:00,15.7,71.0
2026-04-16 18:28:40,15.7,71.0
2026-04-16 18:29:20,15.7,71.0
2026-04-16 18:30:00,15.7,71.0
2026-04-16 18:30:40,15.7,70.0
2026-04-16 18:31:20,15.7,70.0
2026-04-16 18:32:00,15.7,71.0
2026-04-16 18:32:40,15.6,71.0
2026-04-16 18:33:20,15.2,71.0
2026-04-16 18:34:00,15.2,72.0
2026-04-16 18:34:40,15.2,71.0
2026-04-16 18:35:20,15.2,71.0
2026-04-16 18:36:00,15.2,72.0
2026-04-16 18:36:40,15.2,71.0
2026-04-16 18:37:20,14.9,71.0
2026-04-16 18:38:00,14.8,71.0
2026-04-16 18:38:40,14.8,71.0
2026-04-16 18:39:20,14.8,71.0
2026-04-16 18:40:00,14.8,71.0
2026-04-16 18:40:40,14.8,71.0
2026-04-16 18:41:20,14.8,71.0
2026-04-16 18:42:00,14.8,71.0
2026-04-16 18:42:40,14.8,72.0
2026-04-16 18:43:20,14.8,72.0
2026-04-16 18:44:00,14.8,71.0
2026-04-16 18:44:40,14.8,71.0
2026-04-16 18:45:20,14.8,71.0
2026-04-16 18:46:00,14.8,71.0
2026-04-16 18:46:40,14.8,71.0
2026-04-16 18:47:20,14.8,71.0
2026-04-16 18:48:00,14.8,71.0
2026-04-16 18:48:40,14.7,71.0
2026-04-16 18:49:20,14.5,71.0
2026-04-16 18:50:00,14.4,71.0
2026-04-16 18:50:40,14.4,72.0
2026-04-15 20:15:20,21.4,54.0
2026-04-15 20:16:00,21.4,52.0
2026-04-15 20:40:40,15.7,55.0
2026-04-15 20:41:20,12.4,75.0
2026-04-15 20:42:40,12.3,75.0
2026-04-15 20:43:20,12.5,75.0
2026-04-15 20:44:00,12.6,75.0
2026-04-15 20:44:40,12.6,75.0
2026-04-15 20:45:20,12.6,75.0
2026-04-15 20:46:00,12.6,75.0
2026-04-15 20:46:40,12.6,75.0
2026-04-15 20:47:20,12.2,75.0
2026-04-15 20:48:00,12.2,75.0
2026-04-15 20:48:40,12.2,75.0
2026-04-15 20:49:20,12.2,75.0
2026-04-15 20:50:00,12.0,75.0
2026-04-15 20:51:20,11.8,76.0
2026-04-15 20:52:00,11.8,76.0
2026-04-15 20:52:40,11.8,77.0
2026-04-15 20:53:20,11.8,77.0
2026-04-15 20:54:00,11.8,78.0
2026-04-15 20:54:40,11.8,77.0
2026-04-15 20:55:20,11.8,78.0
2026-04-15 20:56:00,11.8,78.0
2026-04-15 20:56:40,11.8,79.0
2026-04-15 20:57:20,11.8,78.0
2026-04-15 20:58:00,11.8,78.0
2026-04-15 20:58:40,11.8,78.0
2026-04-15 20:59:20,11.8,77.0
2026-04-15 21:00:00,11.8,77.0
2026-04-15 21:00:40,11.8,77.0